readsite,tagsite,distance_km
tucson_1_F,tucson_1_F,0
tucson_2_F,tucson_1_F,15.31695547
tucson_3_F,tucson_1_F,6.74737742
tucson_4_F,tucson_1_F,2.89098296
huachuca_1_F,tucson_1_F,110.8119796
tucson_5_F,tucson_1_F,24.68860784
tucson_6_F,tucson_1_F,38.26469392
coronado,tucson_1_F,116.5776929
huachuca_2_F,tucson_1_F,106.9308236
huachuca_3_F,tucson_1_F,115.5401403
huachuca_4_F,tucson_1_F,83.39786278
organ_pipe,tucson_1_F,184.1168096
rincon,tucson_1_F,18.27423125
big_hatchet,tucson_1_F,237.8247806
silver_city_2_F,tucson_1_F,250.8382726
peloncillo_1_F,tucson_1_F,184.1073802
silver_city_1_F,tucson_1_F,244.2885813
silver_city_3_F,tucson_1_F,243.9587077
fort_huachuca,tucson_1_F,89.1669398
chiricahua_1_F,tucson_1_F,140.7808126
chiricahua_2_F,tucson_1_F,158.3830683
huachuca_5_F,tucson_1_F,105.4324969
silver_city_4_F,tucson_1_F,235.27338
cdmx_1_F,tucson_1_F,1422.009007
cdmx_3_F,tucson_1_F,1438.214736
cdmx_2_F,tucson_1_F,1438.001287
azedon,tucson_1_F,910.5839317
carmen,tucson_1_F,696.1546368
chivato,tucson_1_F,917.1229806
gitana,tucson_1_F,916.4967596
la_capilla,tucson_1_F,967.9803215
las_cuevas,tucson_1_F,977.5664969
pinacate,tucson_1_F,262.3315602
juxtlahuaca,tucson_1_F,2020.199422
navachiste,tucson_1_F,772.564825
atoyac,tucson_1_F,1545.493084
mariana,tucson_1_F,299.9228878
organ_pipe_1_h2o,tucson_1_F,183.1809925
organ_pipe_2_h2o,tucson_1_F,198.5031703
organ_pipe_satellite,tucson_1_F,196.568304
organ_pipe_3_h2o,tucson_1_F,180.848702
don_panchito,tucson_1_F,1524.831084
tucson_1_F,tucson_2_F,15.31695547
tucson_2_F,tucson_2_F,0
tucson_3_F,tucson_2_F,13.26524234
tucson_4_F,tucson_2_F,15.69259175
huachuca_1_F,tucson_2_F,95.57403854
tucson_5_F,tucson_2_F,31.43892765
tucson_6_F,tucson_2_F,48.21225098
coronado,tucson_2_F,101.2715767
huachuca_2_F,tucson_2_F,91.67361125
huachuca_3_F,tucson_2_F,100.280495
huachuca_4_F,tucson_2_F,68.12089649
organ_pipe,tucson_2_F,189.3498881
rincon,tucson_2_F,3.969846966
big_hatchet,tucson_2_F,227.9758326
silver_city_2_F,tucson_2_F,248.7658688
peloncillo_1_F,tucson_2_F,173.9109993
silver_city_1_F,tucson_2_F,242.2057235
silver_city_3_F,tucson_2_F,241.7254286
fort_huachuca,tucson_2_F,73.85405783
chiricahua_1_F,tucson_2_F,132.1413916
chiricahua_2_F,tucson_2_F,148.9004081
huachuca_5_F,tucson_2_F,90.13819512
silver_city_4_F,tucson_2_F,231.7169092
cdmx_1_F,tucson_2_F,1408.171534
cdmx_3_F,tucson_2_F,1424.430317
cdmx_2_F,tucson_2_F,1424.181402
azedon,tucson_2_F,896.1108442
carmen,tucson_2_F,682.5334769
chivato,tucson_2_F,902.6881349
gitana,tucson_2_F,902.0592848
la_capilla,tucson_2_F,953.3490992
las_cuevas,tucson_2_F,962.9507975
pinacate,tucson_2_F,265.1355616
juxtlahuaca,tucson_2_F,2005.349134
navachiste,tucson_2_F,757.5356002
atoyac,tucson_2_F,1530.254914
mariana,tucson_2_F,285.9901902
organ_pipe_1_h2o,tucson_2_F,187.7440268
organ_pipe_2_h2o,tucson_2_F,203.2426987
organ_pipe_satellite,tucson_2_F,200.5687267
organ_pipe_3_h2o,tucson_2_F,185.7034836
don_panchito,tucson_2_F,1509.515314
tucson_1_F,tucson_3_F,6.74737742
tucson_2_F,tucson_3_F,13.26524234
tucson_3_F,tucson_3_F,0
tucson_4_F,tucson_3_F,9.396202671
huachuca_1_F,tucson_3_F,107.0180722
tucson_5_F,tucson_3_F,31.13780475
tucson_6_F,tucson_3_F,45.00859661
coronado,tucson_3_F,113.1189455
huachuca_2_F,tucson_3_F,103.2138679
huachuca_3_F,tucson_3_F,111.8185556
huachuca_4_F,tucson_3_F,80.61138235
organ_pipe,tucson_3_F,190.7096067
rincon,tucson_3_F,14.93779741
big_hatchet,tucson_3_F,231.2091768
silver_city_2_F,tucson_3_F,244.5402682
peloncillo_1_F,tucson_3_F,177.5470928
silver_city_1_F,tucson_3_F,237.9872213
silver_city_3_F,tucson_3_F,237.6334292
fort_huachuca,tucson_3_F,86.09179129
chiricahua_1_F,tucson_3_F,134.0816531
chiricahua_2_F,tucson_3_F,151.7469594
huachuca_5_F,tucson_3_F,101.9000873
silver_city_4_F,tucson_3_F,228.7630866
cdmx_1_F,tucson_3_F,1421.436192
cdmx_3_F,tucson_3_F,1437.695547
cdmx_2_F,tucson_3_F,1437.446343
azedon,tucson_3_F,909.2842466
carmen,tucson_3_F,695.794573
chivato,tucson_3_F,915.8728883
gitana,tucson_3_F,915.2432904
la_capilla,tucson_3_F,966.4631744
las_cuevas,tucson_3_F,976.0715382
pinacate,tucson_3_F,268.6269547
juxtlahuaca,tucson_3_F,2015.484861
navachiste,tucson_3_F,770.3665594
atoyac,tucson_3_F,1541.531927
mariana,tucson_3_F,299.253918
organ_pipe_1_h2o,tucson_3_F,189.700466
organ_pipe_2_h2o,tucson_3_F,205.0474834
organ_pipe_satellite,tucson_3_F,203.0214728
organ_pipe_3_h2o,tucson_3_F,187.4008318
don_panchito,tucson_3_F,1521.514147
tucson_1_F,tucson_4_F,2.89098296
tucson_2_F,tucson_4_F,15.69259175
tucson_3_F,tucson_4_F,9.396202671
tucson_4_F,tucson_4_F,0
huachuca_1_F,tucson_4_F,111.2280098
tucson_5_F,tucson_4_F,21.83672826
tucson_6_F,tucson_4_F,35.79368844
coronado,tucson_4_F,116.8219114
huachuca_2_F,tucson_4_F,107.3123008
huachuca_3_F,tucson_4_F,115.9153675
huachuca_4_F,tucson_4_F,83.36660296
organ_pipe,tucson_4_F,181.3343226
rincon,tucson_4_F,19.04847019
big_hatchet,tucson_4_F,240.068452
silver_city_2_F,tucson_4_F,253.7055597
peloncillo_1_F,tucson_4_F,186.2854222
silver_city_1_F,tucson_4_F,247.1553211
silver_city_3_F,tucson_4_F,246.8216228
fort_huachuca,tucson_4_F,89.2605111
chiricahua_1_F,tucson_4_F,143.1636364
chiricahua_2_F,tucson_4_F,160.6609013
huachuca_5_F,tucson_4_F,105.7242322
silver_city_4_F,tucson_4_F,238.0898336
cdmx_1_F,tucson_4_F,1420.875802
cdmx_3_F,tucson_4_F,1437.060256
cdmx_2_F,tucson_4_F,1436.860917
azedon,tucson_4_F,909.7515197
carmen,tucson_4_F,694.947017
chivato,tucson_4_F,916.2697725
gitana,tucson_4_F,915.6449678
la_capilla,tucson_4_F,967.238697
las_cuevas,tucson_4_F,976.8153201
pinacate,tucson_4_F,259.461017
juxtlahuaca,tucson_4_F,2021.010603
navachiste,tucson_4_F,772.1236039
atoyac,tucson_4_F,1545.893776
mariana,tucson_4_F,298.8612028
organ_pipe_1_h2o,tucson_4_F,180.3644734
organ_pipe_2_h2o,tucson_4_F,195.6969273
organ_pipe_satellite,tucson_4_F,193.7299279
organ_pipe_3_h2o,tucson_4_F,178.0457568
don_panchito,tucson_4_F,1524.905404
tucson_1_F,huachuca_1_F,110.8119796
tucson_2_F,huachuca_1_F,95.57403854
tucson_3_F,huachuca_1_F,107.0180722
tucson_4_F,huachuca_1_F,111.2280098
huachuca_1_F,huachuca_1_F,0
tucson_5_F,huachuca_1_F,120.1410306
tucson_6_F,huachuca_1_F,137.5682882
coronado,huachuca_1_F,8.867098752
huachuca_2_F,huachuca_1_F,4.114855483
huachuca_3_F,huachuca_1_F,4.977395862
huachuca_4_F,huachuca_1_F,31.40998694
organ_pipe,huachuca_1_F,249.4462077
rincon,huachuca_1_F,92.58270423
big_hatchet,huachuca_1_F,174.3090495
silver_city_2_F,huachuca_1_F,246.7425025
peloncillo_1_F,huachuca_1_F,124.116807
silver_city_1_F,huachuca_1_F,240.6956427
silver_city_3_F,huachuca_1_F,239.3215479
fort_huachuca,huachuca_1_F,24.49066716
chiricahua_1_F,huachuca_1_F,105.2443818
chiricahua_2_F,huachuca_1_F,110.3212277
huachuca_5_F,huachuca_1_F,7.184064183
silver_city_4_F,huachuca_1_F,221.895374
cdmx_1_F,huachuca_1_F,1327.87621
cdmx_3_F,huachuca_1_F,1344.553608
cdmx_2_F,huachuca_1_F,1344.01646
azedon,huachuca_1_F,810.9139897
carmen,huachuca_1_F,605.4204467
chivato,huachuca_1_F,817.8303096
gitana,huachuca_1_F,817.178493
la_capilla,huachuca_1_F,866.6181731
las_cuevas,huachuca_1_F,876.3544045
pinacate,huachuca_1_F,308.9747498
juxtlahuaca,huachuca_1_F,1910.740403
navachiste,huachuca_1_F,667.0041307
atoyac,huachuca_1_F,1434.683724
mariana,huachuca_1_F,210.4414604
organ_pipe_1_h2o,huachuca_1_F,245.0019105
organ_pipe_2_h2o,huachuca_1_F,260.1718066
organ_pipe_satellite,huachuca_1_F,254.2975
organ_pipe_3_h2o,huachuca_1_F,244.4102927
don_panchito,huachuca_1_F,1414.697965
tucson_1_F,tucson_5_F,24.68860784
tucson_2_F,tucson_5_F,31.43892765
tucson_3_F,tucson_5_F,31.13780475
tucson_4_F,tucson_5_F,21.83672826
huachuca_1_F,tucson_5_F,120.1410306
tucson_5_F,tucson_5_F,0
tucson_6_F,tucson_5_F,17.68890215
coronado,tucson_5_F,124.4800953
huachuca_2_F,tucson_5_F,116.0643519
huachuca_3_F,tucson_5_F,124.4774568
huachuca_4_F,tucson_5_F,89.9151375
organ_pipe,tucson_5_F,159.6260873
rincon,tucson_5_F,35.40083813
big_hatchet,tucson_5_F,259.4104723
silver_city_2_F,tucson_5_F,275.5193343
peloncillo_1_F,tucson_5_F,205.3495331
silver_city_1_F,tucson_5_F,268.9705083
silver_city_3_F,tucson_5_F,268.6449624
fort_huachuca,tucson_5_F,96.48421334
chiricahua_1_F,tucson_5_F,163.3371903
chiricahua_2_F,tucson_5_F,180.2882013
huachuca_5_F,tucson_5_F,113.9043335
silver_city_4_F,tucson_5_F,259.900545
cdmx_1_F,tucson_5_F,1416.125271
cdmx_3_F,tucson_5_F,1432.13668
cdmx_2_F,tucson_5_F,1432.050793
azedon,tucson_5_F,907.4951154
carmen,tucson_5_F,689.7852369
chivato,tucson_5_F,913.8477303
gitana,tucson_5_F,913.234272
la_capilla,tucson_5_F,965.6756182
las_cuevas,tucson_5_F,975.1749359
pinacate,tucson_5_F,237.6610445
juxtlahuaca,tucson_5_F,2030.800941
navachiste,tucson_5_F,772.9501197
atoyac,tucson_5_F,1552.798012
mariana,tucson_5_F,295.377528
organ_pipe_1_h2o,tucson_5_F,158.564061
organ_pipe_2_h2o,tucson_5_F,173.9191987
organ_pipe_satellite,tucson_5_F,171.89688
organ_pipe_3_h2o,tucson_5_F,156.2775355
don_panchito,tucson_5_F,1529.429368
tucson_1_F,tucson_6_F,38.26469392
tucson_2_F,tucson_6_F,48.21225098
tucson_3_F,tucson_6_F,45.00859661
tucson_4_F,tucson_6_F,35.79368844
huachuca_1_F,tucson_6_F,137.5682882
tucson_5_F,tucson_6_F,17.68890215
tucson_6_F,tucson_6_F,0
coronado,tucson_6_F,141.6957016
huachuca_2_F,tucson_6_F,133.4792521
huachuca_3_F,tucson_6_F,141.8436434
huachuca_4_F,tucson_6_F,107.0805059
organ_pipe,tucson_6_F,147.3833641
rincon,tucson_6_F,52.17114647
big_hatchet,tucson_6_F,275.6663234
silver_city_2_F,tucson_6_F,286.5093171
peloncillo_1_F,tucson_6_F,221.7590207
silver_city_1_F,tucson_6_F,279.9879228
silver_city_3_F,tucson_6_F,279.78457
fort_huachuca,tucson_6_F,113.732151
chiricahua_1_F,tucson_6_F,178.9445771
chiricahua_2_F,tucson_6_F,196.3322337
huachuca_5_F,tucson_6_F,131.2406308
silver_city_4_F,tucson_6_F,272.0942771
cdmx_1_F,tucson_6_F,1427.16768
cdmx_3_F,tucson_6_F,1443.064714
cdmx_2_F,tucson_6_F,1443.05266
azedon,tucson_6_F,920.1399795
carmen,tucson_6_F,700.7411737
chivato,tucson_6_F,926.396755
gitana,tucson_6_F,925.7899335
la_capilla,tucson_6_F,978.6926456
las_cuevas,tucson_6_F,988.1475646
pinacate,tucson_6_F,227.7055155
juxtlahuaca,tucson_6_F,2048.067237
navachiste,tucson_6_F,787.2338088
atoyac,tucson_6_F,1569.357354
mariana,tucson_6_F,307.7992655
organ_pipe_1_h2o,tucson_6_F,147.0628594
organ_pipe_2_h2o,tucson_6_F,162.1374902
organ_pipe_satellite,tucson_6_F,160.9410861
organ_pipe_3_h2o,tucson_6_F,144.466644
don_panchito,tucson_6_F,1545.189064
tucson_1_F,coronado,116.5776929
tucson_2_F,coronado,101.2715767
tucson_3_F,coronado,113.1189455
tucson_4_F,coronado,116.8219114
huachuca_1_F,coronado,8.867098752
tucson_5_F,coronado,124.4800953
tucson_6_F,coronado,141.6957016
coronado,coronado,0
huachuca_2_F,coronado,10.96670511
huachuca_3_F,coronado,5.385009659
huachuca_4_F,coronado,34.62319204
organ_pipe,coronado,248.9998613
rincon,coronado,98.46811624
big_hatchet,coronado,178.9166772
silver_city_2_F,coronado,254.602038
peloncillo_1_F,coronado,129.7766238
silver_city_1_F,coronado,248.5977573
silver_city_3_F,coronado,247.1902411
fort_huachuca,coronado,28.00000617
chiricahua_1_F,coronado,113.0017072
chiricahua_2_F,coronado,117.2213011
huachuca_5_F,coronado,11.2722746
silver_city_4_F,coronado,229.4911363
cdmx_1_F,coronado,1319.450468
cdmx_3_F,coronado,1336.105876
cdmx_2_F,coronado,1335.584187
azedon,coronado,802.7959699
carmen,coronado,596.792116
chivato,coronado,809.6839972
gitana,coronado,809.0340478
la_capilla,coronado,858.6501578
las_cuevas,coronado,868.3736226
pinacate,coronado,306.5707388
juxtlahuaca,coronado,1906.371623
navachiste,coronado,659.5061924
atoyac,coronado,1429.188742
mariana,coronado,201.6410295
organ_pipe_1_h2o,coronado,244.2910578
organ_pipe_2_h2o,coronado,259.3245997
organ_pipe_satellite,coronado,253.1627276
organ_pipe_3_h2o,coronado,243.853599
don_panchito,coronado,1408.395239
tucson_1_F,huachuca_2_F,106.9308236
tucson_2_F,huachuca_2_F,91.67361125
tucson_3_F,huachuca_2_F,103.2138679
tucson_4_F,huachuca_2_F,107.3123008
huachuca_1_F,huachuca_2_F,4.114855483
tucson_5_F,huachuca_2_F,116.0643519
tucson_6_F,huachuca_2_F,133.4792521
coronado,huachuca_2_F,10.96670511
huachuca_2_F,huachuca_2_F,0
huachuca_3_F,huachuca_2_F,8.610328301
huachuca_4_F,huachuca_2_F,27.32038305
organ_pipe,huachuca_2_F,245.6838323
rincon,huachuca_2_F,88.72133028
big_hatchet,huachuca_2_F,176.9894399
silver_city_2_F,huachuca_2_F,247.3670623
peloncillo_1_F,huachuca_2_F,126.3515026
silver_city_1_F,huachuca_2_F,241.2785973
silver_city_3_F,huachuca_2_F,239.9389474
fort_huachuca,huachuca_2_F,20.40045812
chiricahua_1_F,huachuca_2_F,106.0594113
chiricahua_2_F,huachuca_2_F,111.8312203
huachuca_5_F,huachuca_2_F,3.664528777
silver_city_4_F,huachuca_2_F,222.776918
cdmx_1_F,huachuca_2_F,1330.407139
cdmx_3_F,huachuca_2_F,1347.058407
cdmx_2_F,huachuca_2_F,1346.539708
azedon,huachuca_2_F,813.7460912
carmen,huachuca_2_F,607.6727179
chivato,huachuca_2_F,820.6385946
gitana,huachuca_2_F,819.9883689
la_capilla,huachuca_2_F,869.567372
las_cuevas,huachuca_2_F,879.2942173
pinacate,huachuca_2_F,305.6688797
juxtlahuaca,huachuca_2_F,1914.79489
navachiste,huachuca_2_F,670.2450629
atoyac,huachuca_2_F,1438.583378
mariana,huachuca_2_F,212.3205416
organ_pipe_1_h2o,huachuca_2_F,241.2920657
organ_pipe_2_h2o,huachuca_2_F,256.4877064
organ_pipe_satellite,huachuca_2_F,250.6764507
organ_pipe_3_h2o,huachuca_2_F,240.6698787
don_panchito,huachuca_2_F,1418.409017
tucson_1_F,huachuca_3_F,115.5401403
tucson_2_F,huachuca_3_F,100.280495
tucson_3_F,huachuca_3_F,111.8185556
tucson_4_F,huachuca_3_F,115.9153675
huachuca_1_F,huachuca_3_F,4.977395862
tucson_5_F,huachuca_3_F,124.4774568
tucson_6_F,huachuca_3_F,141.8436434
coronado,huachuca_3_F,5.385009659
huachuca_2_F,huachuca_3_F,8.610328301
huachuca_3_F,huachuca_3_F,0
huachuca_4_F,huachuca_3_F,35.1837249
organ_pipe,huachuca_3_F,251.8706359
rincon,huachuca_3_F,97.33165849
big_hatchet,huachuca_3_F,174.1643872
silver_city_2_F,huachuca_3_F,249.2231882
peloncillo_1_F,huachuca_3_F,124.6968755
silver_city_1_F,huachuca_3_F,243.2219505
silver_city_3_F,huachuca_3_F,241.8120487
fort_huachuca,huachuca_3_F,28.31561381
chiricahua_1_F,huachuca_3_F,107.6200071
chiricahua_2_F,huachuca_3_F,111.8871693
huachuca_5_F,huachuca_3_F,10.64681771
silver_city_4_F,huachuca_3_F,224.1064915
cdmx_1_F,huachuca_3_F,1323.057048
cdmx_3_F,huachuca_3_F,1339.744596
cdmx_2_F,huachuca_3_F,1339.200237
azedon,huachuca_3_F,805.9976955
carmen,huachuca_3_F,600.7257243
chivato,huachuca_3_F,812.920365
gitana,huachuca_3_F,812.2681165
la_capilla,huachuca_3_F,861.6745303
las_cuevas,huachuca_3_F,871.4126732
pinacate,huachuca_3_F,310.38613
juxtlahuaca,huachuca_3_F,1906.339509
navachiste,huachuca_3_F,662.02692
atoyac,huachuca_3_F,1429.978825
mariana,huachuca_3_F,205.9667053
organ_pipe_1_h2o,huachuca_3_F,247.2953647
organ_pipe_2_h2o,huachuca_3_F,262.3995373
organ_pipe_satellite,huachuca_3_F,256.3788128
organ_pipe_3_h2o,huachuca_3_F,246.7798474
don_panchito,huachuca_3_F,1409.830105
tucson_1_F,huachuca_4_F,83.39786278
tucson_2_F,huachuca_4_F,68.12089649
tucson_3_F,huachuca_4_F,80.61138235
tucson_4_F,huachuca_4_F,83.36660296
huachuca_1_F,huachuca_4_F,31.40998694
tucson_5_F,huachuca_4_F,89.9151375
tucson_6_F,huachuca_4_F,107.0805059
coronado,huachuca_4_F,34.62319204
huachuca_2_F,huachuca_4_F,27.32038305
huachuca_3_F,huachuca_4_F,35.1837249
huachuca_4_F,huachuca_4_F,0
organ_pipe,huachuca_4_F,219.7447983
rincon,huachuca_4_F,65.70453499
big_hatchet,huachuca_4_F,198.127475
silver_city_2_F,huachuca_4_F,256.2518423
peloncillo_1_F,huachuca_4_F,145.5817607
silver_city_1_F,huachuca_4_F,249.9424559
silver_city_3_F,huachuca_4_F,248.8259523
fort_huachuca,huachuca_4_F,6.919977388
chiricahua_1_F,huachuca_4_F,117.9530004
chiricahua_2_F,huachuca_4_F,127.4564825
huachuca_5_F,huachuca_4_F,24.55378871
silver_city_4_F,huachuca_4_F,233.4071383
cdmx_1_F,huachuca_4_F,1344.765799
cdmx_3_F,huachuca_4_F,1361.228263
cdmx_2_F,huachuca_4_F,1360.840907
azedon,huachuca_4_F,830.3930163
carmen,huachuca_4_F,620.3586408
chivato,huachuca_4_F,837.1120942
gitana,huachuca_4_F,836.4735214
la_capilla,huachuca_4_F,887.0375149
las_cuevas,huachuca_4_F,896.6933023
pinacate,huachuca_4_F,282.3291999
juxtlahuaca,huachuca_4_F,1940.98812
navachiste,huachuca_4_F,689.9180612
atoyac,huachuca_4_F,1463.30942
mariana,huachuca_4_F,223.5091103
organ_pipe_1_h2o,huachuca_4_F,215.6493618
organ_pipe_2_h2o,huachuca_4_F,230.9756307
organ_pipe_satellite,huachuca_4_F,225.5320393
organ_pipe_3_h2o,huachuca_4_F,214.8564633
don_panchito,huachuca_4_F,1441.556626
tucson_1_F,organ_pipe,184.1168096
tucson_2_F,organ_pipe,189.3498881
tucson_3_F,organ_pipe,190.7096067
tucson_4_F,organ_pipe,181.3343226
huachuca_1_F,organ_pipe,249.4462077
tucson_5_F,organ_pipe,159.6260873
tucson_6_F,organ_pipe,147.3833641
coronado,organ_pipe,248.9998613
huachuca_2_F,organ_pipe,245.6838323
huachuca_3_F,organ_pipe,251.8706359
huachuca_4_F,organ_pipe,219.7447983
organ_pipe,organ_pipe,0
rincon,organ_pipe,193.0553566
big_hatchet,organ_pipe,413.1005858
silver_city_2_F,organ_pipe,433.8567877
peloncillo_1_F,organ_pipe,358.9384536
silver_city_1_F,organ_pipe,427.3419716
silver_city_3_F,organ_pipe,427.1556776
fort_huachuca,organ_pipe,226.2766233
chiricahua_1_F,organ_pipe,320.4295675
chiricahua_2_F,organ_pipe,335.8348236
huachuca_5_F,organ_pipe,242.2690477
silver_city_4_F,organ_pipe,419.2912935
cdmx_1_F,organ_pipe,1409.627211
cdmx_3_F,organ_pipe,1424.223252
cdmx_2_F,organ_pipe,1424.990035
azedon,organ_pipe,925.1098826
carmen,organ_pipe,691.0335187
chivato,organ_pipe,930.1570724
gitana,organ_pipe,929.6361287
la_capilla,organ_pipe,987.3399522
las_cuevas,organ_pipe,996.1433471
pinacate,organ_pipe,85.23926183
juxtlahuaca,organ_pipe,2123.012707
navachiste,organ_pipe,814.8492449
atoyac,organ_pipe,1627.627204
mariana,organ_pipe,334.5774862
organ_pipe_1_h2o,organ_pipe,8.683938725
organ_pipe_2_h2o,organ_pipe,15.61253143
organ_pipe_satellite,organ_pipe,20.10826752
organ_pipe_3_h2o,organ_pipe,5.947748032
don_panchito,organ_pipe,1588.392727
tucson_1_F,rincon,18.27423125
tucson_2_F,rincon,3.969846966
tucson_3_F,rincon,14.93779741
tucson_4_F,rincon,19.04847019
huachuca_1_F,rincon,92.58270423
tucson_5_F,rincon,35.40083813
tucson_6_F,rincon,52.17114647
coronado,rincon,98.46811624
huachuca_2_F,rincon,88.72133028
huachuca_3_F,rincon,97.33165849
huachuca_4_F,rincon,65.70453499
organ_pipe,rincon,193.0553566
rincon,rincon,0
big_hatchet,rincon,224.02048
silver_city_2_F,rincon,245.6231757
peloncillo_1_F,rincon,169.9488766
silver_city_1_F,rincon,239.0636757
silver_city_3_F,rincon,238.5593667
fort_huachuca,rincon,71.26086403
chiricahua_1_F,rincon,128.2576677
chiricahua_2_F,rincon,144.9649129
huachuca_5_F,rincon,87.28738387
silver_city_4_F,rincon,228.3533469
cdmx_1_F,rincon,1406.956881
cdmx_3_F,rincon,1423.245975
cdmx_2_F,rincon,1422.976741
azedon,rincon,894.4941255
carmen,rincon,681.4561756
chivato,rincon,901.0989322
gitana,rincon,900.4682099
la_capilla,rincon,951.6111371
las_cuevas,rincon,961.2249546
pinacate,rincon,268.5378761
juxtlahuaca,rincon,2001.996711
navachiste,rincon,755.4287944
atoyac,rincon,1527.249398
mariana,rincon,284.772731
organ_pipe_1_h2o,rincon,191.3819726
organ_pipe_2_h2o,rincon,206.894111
organ_pipe_satellite,rincon,204.1396899
organ_pipe_3_h2o,rincon,189.3725724
don_panchito,rincon,1506.826054
tucson_1_F,big_hatchet,237.8247806
tucson_2_F,big_hatchet,227.9758326
tucson_3_F,big_hatchet,231.2091768
tucson_4_F,big_hatchet,240.068452
huachuca_1_F,big_hatchet,174.3090495
tucson_5_F,big_hatchet,259.4104723
tucson_6_F,big_hatchet,275.6663234
coronado,big_hatchet,178.9166772
huachuca_2_F,big_hatchet,176.9894399
huachuca_3_F,big_hatchet,174.1643872
huachuca_4_F,big_hatchet,198.127475
organ_pipe,big_hatchet,413.1005858
rincon,big_hatchet,224.02048
big_hatchet,big_hatchet,0
silver_city_2_F,big_hatchet,134.9650994
peloncillo_1_F,big_hatchet,54.25933423
silver_city_1_F,big_hatchet,132.3815485
silver_city_3_F,big_hatchet,129.9796218
fort_huachuca,big_hatchet,192.6408014
chiricahua_1_F,big_hatchet,98.09829249
chiricahua_2_F,big_hatchet,79.51166232
huachuca_5_F,big_hatchet,180.6467058
silver_city_4_F,big_hatchet,107.2235398
cdmx_1_F,big_hatchet,1374.508719
cdmx_3_F,big_hatchet,1392.377489
cdmx_2_F,big_hatchet,1390.911494
azedon,big_hatchet,848.3450016
carmen,big_hatchet,676.7435173
chivato,big_hatchet,856.4308158
gitana,big_hatchet,855.7051855
la_capilla,big_hatchet,896.2223523
las_cuevas,big_hatchet,906.32131
pinacate,big_hatchet,480.1715891
juxtlahuaca,big_hatchet,1828.81474
navachiste,big_hatchet,683.4393594
atoyac,big_hatchet,1380.204147
mariana,big_hatchet,321.7900129
organ_pipe_1_h2o,big_hatchet,410.0810868
organ_pipe_2_h2o,big_hatchet,425.646415
organ_pipe_satellite,big_hatchet,421.1928504
organ_pipe_3_h2o,big_hatchet,408.7360089
don_panchito,big_hatchet,1381.216331
tucson_1_F,silver_city_2_F,250.8382726
tucson_2_F,silver_city_2_F,248.7658688
tucson_3_F,silver_city_2_F,244.5402682
tucson_4_F,silver_city_2_F,253.7055597
huachuca_1_F,silver_city_2_F,246.7425025
tucson_5_F,silver_city_2_F,275.5193343
tucson_6_F,silver_city_2_F,286.5093171
coronado,silver_city_2_F,254.602038
huachuca_2_F,silver_city_2_F,247.3670623
huachuca_3_F,silver_city_2_F,249.2231882
huachuca_4_F,silver_city_2_F,256.2518423
organ_pipe,silver_city_2_F,433.8567877
rincon,silver_city_2_F,245.6231757
big_hatchet,silver_city_2_F,134.9650994
silver_city_2_F,silver_city_2_F,0
peloncillo_1_F,silver_city_2_F,142.3456489
silver_city_1_F,silver_city_2_F,6.560224471
silver_city_3_F,silver_city_2_F,7.437131194
fort_huachuca,silver_city_2_F,253.7747528
chiricahua_1_F,silver_city_2_F,141.6177903
chiricahua_2_F,silver_city_2_F,140.9112398
huachuca_5_F,silver_city_2_F,250.3558634
silver_city_4_F,silver_city_2_F,28.85534566
cdmx_1_F,silver_city_2_F,1509.194701
cdmx_3_F,silver_city_2_F,1527.009505
cdmx_2_F,silver_city_2_F,1525.590548
azedon,silver_city_2_F,983.1446118
carmen,silver_city_2_F,807.3728768
chivato,silver_city_2_F,991.1923443
gitana,silver_city_2_F,990.4690706
la_capilla,silver_city_2_F,1031.187044
las_cuevas,silver_city_2_F,1041.285637
pinacate,silver_city_2_F,513.162722
juxtlahuaca,silver_city_2_F,1932.858356
navachiste,silver_city_2_F,818.3041775
atoyac,silver_city_2_F,1498.583781
mariana,silver_city_2_F,436.2320394
organ_pipe_1_h2o,silver_city_2_F,433.5230134
organ_pipe_2_h2o,silver_city_2_F,448.6450182
organ_pipe_satellite,silver_city_2_F,447.202785
organ_pipe_3_h2o,silver_city_2_F,430.9725931
don_panchito,silver_city_2_F,1506.580277
tucson_1_F,peloncillo_1_F,184.1073802
tucson_2_F,peloncillo_1_F,173.9109993
tucson_3_F,peloncillo_1_F,177.5470928
tucson_4_F,peloncillo_1_F,186.2854222
huachuca_1_F,peloncillo_1_F,124.116807
tucson_5_F,peloncillo_1_F,205.3495331
tucson_6_F,peloncillo_1_F,221.7590207
coronado,peloncillo_1_F,129.7766238
huachuca_2_F,peloncillo_1_F,126.3515026
huachuca_3_F,peloncillo_1_F,124.6968755
huachuca_4_F,peloncillo_1_F,145.5817607
organ_pipe,peloncillo_1_F,358.9384536
rincon,peloncillo_1_F,169.9488766
big_hatchet,peloncillo_1_F,54.25933423
silver_city_2_F,peloncillo_1_F,142.3456489
peloncillo_1_F,peloncillo_1_F,0
silver_city_1_F,peloncillo_1_F,137.6332657
silver_city_3_F,peloncillo_1_F,135.6052968
fort_huachuca,peloncillo_1_F,140.4735986
chiricahua_1_F,peloncillo_1_F,47.1109379
chiricahua_2_F,peloncillo_1_F,27.31194535
huachuca_5_F,peloncillo_1_F,129.9491701
silver_city_4_F,peloncillo_1_F,113.8574957
cdmx_1_F,peloncillo_1_F,1375.233086
cdmx_3_F,peloncillo_1_F,1392.752576
cdmx_2_F,peloncillo_1_F,1391.579955
azedon,peloncillo_1_F,850.5003854
carmen,peloncillo_1_F,667.1745861
chivato,peloncillo_1_F,858.2570505
gitana,peloncillo_1_F,857.5512657
la_capilla,peloncillo_1_F,901.0212874
las_cuevas,peloncillo_1_F,911.0487719
pinacate,peloncillo_1_F,426.8356005
juxtlahuaca,peloncillo_1_F,1867.147281
navachiste,peloncillo_1_F,691.1446098
atoyac,peloncillo_1_F,1410.874518
mariana,peloncillo_1_F,294.563358
organ_pipe_1_h2o,peloncillo_1_F,356.0002908
organ_pipe_2_h2o,peloncillo_1_F,371.5759818
organ_pipe_satellite,peloncillo_1_F,367.2442924
organ_pipe_3_h2o,peloncillo_1_F,354.6113757
don_panchito,peloncillo_1_F,1406.043993
tucson_1_F,silver_city_1_F,244.2885813
tucson_2_F,silver_city_1_F,242.2057235
tucson_3_F,silver_city_1_F,237.9872213
tucson_4_F,silver_city_1_F,247.1553211
huachuca_1_F,silver_city_1_F,240.6956427
tucson_5_F,silver_city_1_F,268.9705083
tucson_6_F,silver_city_1_F,279.9879228
coronado,silver_city_1_F,248.5977573
huachuca_2_F,silver_city_1_F,241.2785973
huachuca_3_F,silver_city_1_F,243.2219505
huachuca_4_F,silver_city_1_F,249.9424559
organ_pipe,silver_city_1_F,427.3419716
rincon,silver_city_1_F,239.0636757
big_hatchet,silver_city_1_F,132.3815485
silver_city_2_F,silver_city_1_F,6.560224471
peloncillo_1_F,silver_city_1_F,137.6332657
silver_city_1_F,silver_city_1_F,0
silver_city_3_F,silver_city_1_F,2.444114671
fort_huachuca,silver_city_1_F,247.5136204
chiricahua_1_F,silver_city_1_F,135.6538122
chiricahua_2_F,silver_city_1_F,135.3991497
huachuca_5_F,silver_city_1_F,244.2464044
silver_city_4_F,silver_city_1_F,25.28086608
cdmx_1_F,silver_city_1_F,1506.125952
cdmx_3_F,silver_city_1_F,1523.907486
cdmx_2_F,silver_city_1_F,1522.517084
azedon,silver_city_1_F,980.1717902
carmen,silver_city_1_F,803.3696716
chivato,silver_city_1_F,988.189803
gitana,silver_city_1_F,987.468292
la_capilla,silver_city_1_F,1028.472268
las_cuevas,silver_city_1_F,1038.56552
pinacate,silver_city_1_F,506.6109834
juxtlahuaca,silver_city_1_F,1934.437108
navachiste,silver_city_1_F,815.820425
atoyac,silver_city_1_F,1498.939195
mariana,silver_city_1_F,431.1220183
organ_pipe_1_h2o,silver_city_1_F,426.9939782
organ_pipe_2_h2o,silver_city_1_F,442.1217937
organ_pipe_satellite,silver_city_1_F,440.6652926
organ_pipe_3_h2o,silver_city_1_F,424.4489137
don_panchito,silver_city_1_F,1506.171932
tucson_1_F,silver_city_3_F,243.9587077
tucson_2_F,silver_city_3_F,241.7254286
tucson_3_F,silver_city_3_F,237.6334292
tucson_4_F,silver_city_3_F,246.8216228
huachuca_1_F,silver_city_3_F,239.3215479
tucson_5_F,silver_city_3_F,268.6449624
tucson_6_F,silver_city_3_F,279.78457
coronado,silver_city_3_F,247.1902411
huachuca_2_F,silver_city_3_F,239.9389474
huachuca_3_F,silver_city_3_F,241.8120487
huachuca_4_F,silver_city_3_F,248.8259523
organ_pipe,silver_city_3_F,427.1556776
rincon,silver_city_3_F,238.5593667
big_hatchet,silver_city_3_F,129.9796218
silver_city_2_F,silver_city_3_F,7.437131194
peloncillo_1_F,silver_city_3_F,135.6052968
silver_city_1_F,silver_city_3_F,2.444114671
silver_city_3_F,silver_city_3_F,0
fort_huachuca,silver_city_3_F,246.3408076
chiricahua_1_F,silver_city_3_F,134.2137154
chiricahua_2_F,silver_city_3_F,133.6847637
huachuca_5_F,silver_city_3_F,242.9248564
silver_city_4_F,silver_city_3_F,22.93679619
cdmx_1_F,silver_city_3_F,1503.78205
cdmx_3_F,silver_city_3_F,1521.567625
cdmx_2_F,silver_city_3_F,1520.173761
azedon,silver_city_3_F,977.8161662
carmen,silver_city_3_F,801.1753266
chivato,silver_city_3_F,985.8375493
gitana,silver_city_3_F,985.1158361
la_capilla,silver_city_3_F,1026.090455
las_cuevas,silver_city_3_F,1036.184214
pinacate,silver_city_3_F,506.2597933
juxtlahuaca,silver_city_3_F,1932.228573
navachiste,silver_city_3_F,813.4189677
atoyac,silver_city_3_F,1496.573694
mariana,silver_city_3_F,429.2405353
organ_pipe_1_h2o,silver_city_3_F,426.7581795
organ_pipe_2_h2o,silver_city_3_F,441.907047
organ_pipe_satellite,silver_city_3_F,440.3942473
organ_pipe_3_h2o,silver_city_3_F,424.2329163
don_panchito,silver_city_3_F,1503.75096
tucson_1_F,fort_huachuca,89.1669398
tucson_2_F,fort_huachuca,73.85405783
tucson_3_F,fort_huachuca,86.09179129
tucson_4_F,fort_huachuca,89.2605111
huachuca_1_F,fort_huachuca,24.49066716
tucson_5_F,fort_huachuca,96.48421334
tucson_6_F,fort_huachuca,113.732151
coronado,fort_huachuca,28.00000617
huachuca_2_F,fort_huachuca,20.40045812
huachuca_3_F,fort_huachuca,28.31561381
huachuca_4_F,fort_huachuca,6.919977388
organ_pipe,fort_huachuca,226.2766233
rincon,fort_huachuca,71.26086403
big_hatchet,fort_huachuca,192.6408014
silver_city_2_F,fort_huachuca,253.7747528
peloncillo_1_F,fort_huachuca,140.4735986
silver_city_1_F,fort_huachuca,247.5136204
silver_city_3_F,fort_huachuca,246.3408076
fort_huachuca,fort_huachuca,0
chiricahua_1_F,fort_huachuca,114.4621064
chiricahua_2_F,fort_huachuca,123.1320773
huachuca_5_F,fort_huachuca,17.67229274
silver_city_4_F,fort_huachuca,230.476159
cdmx_1_F,fort_huachuca,1341.071627
cdmx_3_F,fort_huachuca,1357.581915
cdmx_2_F,fort_huachuca,1357.161604
azedon,fort_huachuca,826.1047541
carmen,fort_huachuca,617.0354864
chivato,fort_huachuca,832.867435
gitana,fort_huachuca,832.2259199
la_capilla,fort_huachuca,882.5477433
las_cuevas,fort_huachuca,892.2217326
pinacate,fort_huachuca,288.1624163
juxtlahuaca,fort_huachuca,1934.344221
navachiste,fort_huachuca,684.8696467
atoyac,fort_huachuca,1457.028125
mariana,fort_huachuca,220.3879447
organ_pipe_1_h2o,fort_huachuca,222.0983029
organ_pipe_2_h2o,fort_huachuca,237.3909726
organ_pipe_satellite,fort_huachuca,231.844957
organ_pipe_3_h2o,fort_huachuca,221.352683
don_panchito,fort_huachuca,1435.667648
tucson_1_F,chiricahua_1_F,140.7808126
tucson_2_F,chiricahua_1_F,132.1413916
tucson_3_F,chiricahua_1_F,134.0816531
tucson_4_F,chiricahua_1_F,143.1636364
huachuca_1_F,chiricahua_1_F,105.2443818
tucson_5_F,chiricahua_1_F,163.3371903
tucson_6_F,chiricahua_1_F,178.9445771
coronado,chiricahua_1_F,113.0017072
huachuca_2_F,chiricahua_1_F,106.0594113
huachuca_3_F,chiricahua_1_F,107.6200071
huachuca_4_F,chiricahua_1_F,117.9530004
organ_pipe,chiricahua_1_F,320.4295675
rincon,chiricahua_1_F,128.2576677
big_hatchet,chiricahua_1_F,98.09829249
silver_city_2_F,chiricahua_1_F,141.6177903
peloncillo_1_F,chiricahua_1_F,47.1109379
silver_city_1_F,chiricahua_1_F,135.6538122
silver_city_3_F,chiricahua_1_F,134.2137154
fort_huachuca,chiricahua_1_F,114.4621064
chiricahua_1_F,chiricahua_1_F,0
chiricahua_2_F,chiricahua_1_F,19.83465041
huachuca_5_F,chiricahua_1_F,109.1750123
silver_city_4_F,chiricahua_1_F,116.721776
cdmx_1_F,chiricahua_1_F,1400.171323
cdmx_3_F,chiricahua_1_F,1417.417899
cdmx_2_F,chiricahua_1_F,1416.461204
azedon,chiricahua_1_F,877.2852481
carmen,chiricahua_1_F,685.7543348
chivato,chiricahua_1_F,884.7909878
gitana,chiricahua_1_F,884.1009349
la_capilla,chiricahua_1_F,929.5222992
las_cuevas,chiricahua_1_F,939.4802936
pinacate,chiricahua_1_F,392.2065296
juxtlahuaca,chiricahua_1_F,1912.647149
navachiste,chiricahua_1_F,722.11792
atoyac,chiricahua_1_F,1453.565289
mariana,chiricahua_1_F,301.2227584
organ_pipe_1_h2o,chiricahua_1_F,318.1687887
organ_pipe_2_h2o,chiricahua_1_F,333.7591303
organ_pipe_satellite,chiricahua_1_F,330.2063172
organ_pipe_3_h2o,chiricahua_1_F,316.4481625
don_panchito,chiricahua_1_F,1445.98216
tucson_1_F,chiricahua_2_F,158.3830683
tucson_2_F,chiricahua_2_F,148.9004081
tucson_3_F,chiricahua_2_F,151.7469594
tucson_4_F,chiricahua_2_F,160.6609013
huachuca_1_F,chiricahua_2_F,110.3212277
tucson_5_F,chiricahua_2_F,180.2882013
tucson_6_F,chiricahua_2_F,196.3322337
coronado,chiricahua_2_F,117.2213011
huachuca_2_F,chiricahua_2_F,111.8312203
huachuca_3_F,chiricahua_2_F,111.8871693
huachuca_4_F,chiricahua_2_F,127.4564825
organ_pipe,chiricahua_2_F,335.8348236
rincon,chiricahua_2_F,144.9649129
big_hatchet,chiricahua_2_F,79.51166232
silver_city_2_F,chiricahua_2_F,140.9112398
peloncillo_1_F,chiricahua_2_F,27.31194535
silver_city_1_F,chiricahua_2_F,135.3991497
silver_city_3_F,chiricahua_2_F,133.6847637
fort_huachuca,chiricahua_2_F,123.1320773
chiricahua_1_F,chiricahua_2_F,19.83465041
chiricahua_2_F,chiricahua_2_F,0
huachuca_5_F,chiricahua_2_F,115.2303791
silver_city_4_F,chiricahua_2_F,114.0619124
cdmx_1_F,chiricahua_2_F,1388.778264
cdmx_3_F,chiricahua_2_F,1406.136954
cdmx_2_F,chiricahua_2_F,1405.092824
azedon,chiricahua_2_F,865.0675094
carmen,chiricahua_2_F,676.7746718
chivato,chiricahua_2_F,872.6754417
gitana,chiricahua_2_F,871.978927
la_capilla,chiricahua_2_F,916.6310954
las_cuevas,chiricahua_2_F,926.6187885
pinacate,chiricahua_2_F,405.848898
juxtlahuaca,chiricahua_2_F,1893.267416
navachiste,chiricahua_2_F,708.1962817
atoyac,chiricahua_2_F,1435.195637
mariana,chiricahua_2_F,296.6389675
organ_pipe_1_h2o,chiricahua_2_F,333.2501386
organ_pipe_2_h2o,chiricahua_2_F,348.8464988
organ_pipe_satellite,chiricahua_2_F,344.9227607
organ_pipe_3_h2o,chiricahua_2_F,331.6856258
don_panchito,chiricahua_2_F,1428.653828
tucson_1_F,huachuca_5_F,105.4324969
tucson_2_F,huachuca_5_F,90.13819512
tucson_3_F,huachuca_5_F,101.9000873
tucson_4_F,huachuca_5_F,105.7242322
huachuca_1_F,huachuca_5_F,7.184064183
tucson_5_F,huachuca_5_F,113.9043335
tucson_6_F,huachuca_5_F,131.2406308
coronado,huachuca_5_F,11.2722746
huachuca_2_F,huachuca_5_F,3.664528777
huachuca_3_F,huachuca_5_F,10.64681771
huachuca_4_F,huachuca_5_F,24.55378871
organ_pipe,huachuca_5_F,242.2690477
rincon,huachuca_5_F,87.28738387
big_hatchet,huachuca_5_F,180.6467058
silver_city_2_F,huachuca_5_F,250.3558634
peloncillo_1_F,huachuca_5_F,129.9491701
silver_city_1_F,huachuca_5_F,244.2464044
silver_city_3_F,huachuca_5_F,242.9248564
fort_huachuca,huachuca_5_F,17.67229274
chiricahua_1_F,huachuca_5_F,109.1750123
chiricahua_2_F,huachuca_5_F,115.2303791
huachuca_5_F,huachuca_5_F,0
silver_city_4_F,huachuca_5_F,225.8959244
cdmx_1_F,huachuca_5_F,1329.954329
cdmx_3_F,huachuca_5_F,1346.576321
cdmx_2_F,huachuca_5_F,1346.078191
azedon,huachuca_5_F,813.6517356
carmen,huachuca_5_F,606.9305471
chivato,huachuca_5_F,820.5150463
gitana,huachuca_5_F,819.8667671
la_capilla,huachuca_5_F,869.6183619
las_cuevas,huachuca_5_F,879.3331086
pinacate,huachuca_5_F,302.0444032
juxtlahuaca,huachuca_5_F,1916.898149
navachiste,huachuca_5_F,670.6932637
atoyac,huachuca_5_F,1440.205701
mariana,huachuca_5_F,211.2453806
organ_pipe_1_h2o,huachuca_5_F,237.8377713
organ_pipe_2_h2o,huachuca_5_F,253.0161724
organ_pipe_satellite,huachuca_5_F,247.1672422
organ_pipe_3_h2o,huachuca_5_F,237.2378431
don_panchito,huachuca_5_F,1419.620648
tucson_1_F,silver_city_4_F,235.27338
tucson_2_F,silver_city_4_F,231.7169092
tucson_3_F,silver_city_4_F,228.7630866
tucson_4_F,silver_city_4_F,238.0898336
huachuca_1_F,silver_city_4_F,221.895374
tucson_5_F,silver_city_4_F,259.900545
tucson_6_F,silver_city_4_F,272.0942771
coronado,silver_city_4_F,229.4911363
huachuca_2_F,silver_city_4_F,222.776918
huachuca_3_F,silver_city_4_F,224.1064915
huachuca_4_F,silver_city_4_F,233.4071383
organ_pipe,silver_city_4_F,419.2912935
rincon,silver_city_4_F,228.3533469
big_hatchet,silver_city_4_F,107.2235398
silver_city_2_F,silver_city_4_F,28.85534566
peloncillo_1_F,silver_city_4_F,113.8574957
silver_city_1_F,silver_city_4_F,25.28086608
silver_city_3_F,silver_city_4_F,22.93679619
fort_huachuca,silver_city_4_F,230.476159
chiricahua_1_F,silver_city_4_F,116.721776
chiricahua_2_F,silver_city_4_F,114.0619124
huachuca_5_F,silver_city_4_F,225.8959244
silver_city_4_F,silver_city_4_F,0
cdmx_1_F,silver_city_4_F,1480.847619
cdmx_3_F,silver_city_4_F,1498.631664
cdmx_2_F,silver_city_4_F,1497.239061
azedon,silver_city_4_F,954.8910833
carmen,silver_city_4_F,778.5210437
chivato,silver_city_4_F,962.9089708
gitana,silver_city_4_F,962.1874483
la_capilla,silver_city_4_F,1003.22011
las_cuevas,silver_city_4_F,1013.312239
pinacate,silver_city_4_F,496.8459726
juxtlahuaca,silver_city_4_F,1915.425348
navachiste,silver_city_4_F,790.6365337
atoyac,silver_city_4_F,1477.144728
mariana,silver_city_4_F,408.1398124
organ_pipe_1_h2o,silver_city_4_F,418.4538225
organ_pipe_2_h2o,silver_city_4_F,433.7687662
organ_pipe_satellite,silver_city_4_F,431.7590404
organ_pipe_3_h2o,silver_city_4_F,416.1081322
don_panchito,silver_city_4_F,1483.02707
tucson_1_F,cdmx_1_F,1422.009007
tucson_2_F,cdmx_1_F,1408.171534
tucson_3_F,cdmx_1_F,1421.436192
tucson_4_F,cdmx_1_F,1420.875802
huachuca_1_F,cdmx_1_F,1327.87621
tucson_5_F,cdmx_1_F,1416.125271
tucson_6_F,cdmx_1_F,1427.16768
coronado,cdmx_1_F,1319.450468
huachuca_2_F,cdmx_1_F,1330.407139
huachuca_3_F,cdmx_1_F,1323.057048
huachuca_4_F,cdmx_1_F,1344.765799
organ_pipe,cdmx_1_F,1409.627211
rincon,cdmx_1_F,1406.956881
big_hatchet,cdmx_1_F,1374.508719
silver_city_2_F,cdmx_1_F,1509.194701
peloncillo_1_F,cdmx_1_F,1375.233086
silver_city_1_F,cdmx_1_F,1506.125952
silver_city_3_F,cdmx_1_F,1503.78205
fort_huachuca,cdmx_1_F,1341.071627
chiricahua_1_F,cdmx_1_F,1400.171323
chiricahua_2_F,cdmx_1_F,1388.778264
huachuca_5_F,cdmx_1_F,1329.954329
silver_city_4_F,cdmx_1_F,1480.847619
cdmx_1_F,cdmx_1_F,0
cdmx_3_F,cdmx_1_F,19.78150211
cdmx_2_F,cdmx_1_F,16.43894453
azedon,cdmx_1_F,526.3806462
carmen,cdmx_1_F,726.4273375
chivato,cdmx_1_F,518.1551015
gitana,cdmx_1_F,518.8870024
la_capilla,cdmx_1_F,483.5947288
las_cuevas,cdmx_1_F,473.5038425
pinacate,cdmx_1_F,1371.072036
juxtlahuaca,cdmx_1_F,1278.903229
navachiste,cdmx_1_F,699.1048934
atoyac,cdmx_1_F,796.4491982
mariana,cdmx_1_F,1122.187849
organ_pipe_1_h2o,cdmx_1_F,1401.022474
organ_pipe_2_h2o,cdmx_1_F,1403.3547
organ_pipe_satellite,cdmx_1_F,1393.336538
organ_pipe_3_h2o,cdmx_1_F,1404.717527
don_panchito,cdmx_1_F,629.2680533
tucson_1_F,cdmx_3_F,1438.214736
tucson_2_F,cdmx_3_F,1424.430317
tucson_3_F,cdmx_3_F,1437.695547
tucson_4_F,cdmx_3_F,1437.060256
huachuca_1_F,cdmx_3_F,1344.553608
tucson_5_F,cdmx_3_F,1432.13668
tucson_6_F,cdmx_3_F,1443.064714
coronado,cdmx_3_F,1336.105876
huachuca_2_F,cdmx_3_F,1347.058407
huachuca_3_F,cdmx_3_F,1339.744596
huachuca_4_F,cdmx_3_F,1361.228263
organ_pipe,cdmx_3_F,1424.223252
rincon,cdmx_3_F,1423.245975
big_hatchet,cdmx_3_F,1392.377489
silver_city_2_F,cdmx_3_F,1527.009505
peloncillo_1_F,cdmx_3_F,1392.752576
silver_city_1_F,cdmx_3_F,1523.907486
silver_city_3_F,cdmx_3_F,1521.567625
fort_huachuca,cdmx_3_F,1357.581915
chiricahua_1_F,cdmx_3_F,1417.417899
chiricahua_2_F,cdmx_3_F,1406.136954
huachuca_5_F,cdmx_3_F,1346.576321
silver_city_4_F,cdmx_3_F,1498.631664
cdmx_1_F,cdmx_3_F,19.78150211
cdmx_3_F,cdmx_3_F,0
cdmx_2_F,cdmx_3_F,7.582078349
azedon,cdmx_3_F,544.4728705
carmen,cdmx_3_F,742.3582659
chivato,cdmx_3_F,536.1771627
gitana,cdmx_3_F,536.9132084
la_capilla,cdmx_3_F,502.3709093
las_cuevas,cdmx_3_F,492.2932658
pinacate,cdmx_3_F,1384.916098
juxtlahuaca,cdmx_3_F,1288.337291
navachiste,cdmx_3_F,717.7884427
atoyac,cdmx_3_F,809.7529573
mariana,cdmx_3_F,1138.475341
organ_pipe_1_h2o,cdmx_3_F,1415.630052
organ_pipe_2_h2o,cdmx_3_F,1417.814134
organ_pipe_satellite,cdmx_3_F,1407.820174
organ_pipe_3_h2o,cdmx_3_F,1419.345699
don_panchito,cdmx_3_F,641.6307324
tucson_1_F,cdmx_2_F,1438.001287
tucson_2_F,cdmx_2_F,1424.181402
tucson_3_F,cdmx_2_F,1437.446343
tucson_4_F,cdmx_2_F,1436.860917
huachuca_1_F,cdmx_2_F,1344.01646
tucson_5_F,cdmx_2_F,1432.050793
tucson_6_F,cdmx_2_F,1443.05266
coronado,cdmx_2_F,1335.584187
huachuca_2_F,cdmx_2_F,1346.539708
huachuca_3_F,cdmx_2_F,1339.200237
huachuca_4_F,cdmx_2_F,1360.840907
organ_pipe,cdmx_2_F,1424.990035
rincon,cdmx_2_F,1422.976741
big_hatchet,cdmx_2_F,1390.911494
silver_city_2_F,cdmx_2_F,1525.590548
peloncillo_1_F,cdmx_2_F,1391.579955
silver_city_1_F,cdmx_2_F,1522.517084
silver_city_3_F,cdmx_2_F,1520.173761
fort_huachuca,cdmx_2_F,1357.161604
chiricahua_1_F,cdmx_2_F,1416.461204
chiricahua_2_F,cdmx_2_F,1405.092824
huachuca_5_F,cdmx_2_F,1346.078191
silver_city_4_F,cdmx_2_F,1497.239061
cdmx_1_F,cdmx_2_F,16.43894453
cdmx_3_F,cdmx_2_F,7.582078349
cdmx_2_F,cdmx_2_F,0
azedon,cdmx_2_F,542.8040795
carmen,cdmx_2_F,742.3138504
chivato,cdmx_2_F,534.5716104
gitana,cdmx_2_F,535.3039546
la_capilla,cdmx_2_F,500.0112396
las_cuevas,cdmx_2_F,489.918614
pinacate,cdmx_2_F,1386.091579
juxtlahuaca,cdmx_2_F,1280.823342
navachiste,cdmx_2_F,715.5307742
atoyac,cdmx_2_F,802.2163661
mariana,cdmx_2_F,1138.204671
organ_pipe_1_h2o,cdmx_2_F,1416.390252
organ_pipe_2_h2o,cdmx_2_F,1418.65715
organ_pipe_satellite,cdmx_2_F,1408.649623
organ_pipe_3_h2o,cdmx_2_F,1420.094345
don_panchito,cdmx_2_F,634.0580742
tucson_1_F,azedon,910.5839317
tucson_2_F,azedon,896.1108442
tucson_3_F,azedon,909.2842466
tucson_4_F,azedon,909.7515197
huachuca_1_F,azedon,810.9139897
tucson_5_F,azedon,907.4951154
tucson_6_F,azedon,920.1399795
coronado,azedon,802.7959699
huachuca_2_F,azedon,813.7460912
huachuca_3_F,azedon,805.9976955
huachuca_4_F,azedon,830.3930163
organ_pipe,azedon,925.1098826
rincon,azedon,894.4941255
big_hatchet,azedon,848.3450016
silver_city_2_F,azedon,983.1446118
peloncillo_1_F,azedon,850.5003854
silver_city_1_F,azedon,980.1717902
silver_city_3_F,azedon,977.8161662
fort_huachuca,azedon,826.1047541
chiricahua_1_F,azedon,877.2852481
chiricahua_2_F,azedon,865.0675094
huachuca_5_F,azedon,813.6517356
silver_city_4_F,azedon,954.8910833
cdmx_1_F,azedon,526.3806462
cdmx_3_F,azedon,544.4728705
cdmx_2_F,azedon,542.8040795
azedon,azedon,0
carmen,azedon,241.2171206
chivato,azedon,9.459625362
gitana,azedon,8.689553913
la_capilla,azedon,65.04504729
las_cuevas,azedon,72.42792837
pinacate,azedon,902.3454505
juxtlahuaca,azedon,1348.799792
navachiste,azedon,180.1349951
atoyac,azedon,811.487679
mariana,azedon,612.34426
organ_pipe_1_h2o,azedon,916.4354606
organ_pipe_2_h2o,azedon,921.5671567
organ_pipe_satellite,azedon,911.2668263
organ_pipe_3_h2o,azedon,919.6755108
don_panchito,azedon,717.8398329
tucson_1_F,carmen,696.1546368
tucson_2_F,carmen,682.5334769
tucson_3_F,carmen,695.794573
tucson_4_F,carmen,694.947017
huachuca_1_F,carmen,605.4204467
tucson_5_F,carmen,689.7852369
tucson_6_F,carmen,700.7411737
coronado,carmen,596.792116
huachuca_2_F,carmen,607.6727179
huachuca_3_F,carmen,600.7257243
huachuca_4_F,carmen,620.3586408
organ_pipe,carmen,691.0335187
rincon,carmen,681.4561756
big_hatchet,carmen,676.7435173
silver_city_2_F,carmen,807.3728768
peloncillo_1_F,carmen,667.1745861
silver_city_1_F,carmen,803.3696716
silver_city_3_F,carmen,801.1753266
fort_huachuca,carmen,617.0354864
chiricahua_1_F,carmen,685.7543348
chiricahua_2_F,carmen,676.7746718
huachuca_5_F,carmen,606.9305471
silver_city_4_F,carmen,778.5210437
cdmx_1_F,carmen,726.4273375
cdmx_3_F,carmen,742.3582659
cdmx_2_F,carmen,742.3138504
azedon,carmen,241.2171206
carmen,carmen,0
chivato,carmen,244.6061636
gitana,carmen,244.2003013
la_capilla,carmen,306.0313866
las_cuevas,carmen,313.6439296
pinacate,carmen,663.4909059
juxtlahuaca,carmen,1561.348634
navachiste,carmen,216.5314823
atoyac,carmen,1029.516949
mariana,carmen,396.9501016
organ_pipe_1_h2o,carmen,682.3526603
organ_pipe_2_h2o,carmen,686.4289704
organ_pipe_satellite,carmen,676.1893647
organ_pipe_3_h2o,carmen,685.7921784
don_panchito,carmen,950.4322996
tucson_1_F,chivato,917.1229806
tucson_2_F,chivato,902.6881349
tucson_3_F,chivato,915.8728883
tucson_4_F,chivato,916.2697725
huachuca_1_F,chivato,817.8303096
tucson_5_F,chivato,913.8477303
tucson_6_F,chivato,926.396755
coronado,chivato,809.6839972
huachuca_2_F,chivato,820.6385946
huachuca_3_F,chivato,812.920365
huachuca_4_F,chivato,837.1120942
organ_pipe,chivato,930.1570724
rincon,chivato,901.0989322
big_hatchet,chivato,856.4308158
silver_city_2_F,chivato,991.1923443
peloncillo_1_F,chivato,858.2570505
silver_city_1_F,chivato,988.189803
silver_city_3_F,chivato,985.8375493
fort_huachuca,chivato,832.867435
chiricahua_1_F,chivato,884.7909878
chiricahua_2_F,chivato,872.6754417
huachuca_5_F,chivato,820.5150463
silver_city_4_F,chivato,962.9089708
cdmx_1_F,chivato,518.1551015
cdmx_3_F,chivato,536.1771627
cdmx_2_F,chivato,534.5716104
azedon,chivato,9.459625362
carmen,chivato,244.6061636
chivato,chivato,0
gitana,chivato,0.781358393
la_capilla,chivato,63.34049765
las_cuevas,chivato,69.71094717
pinacate,chivato,906.6539381
juxtlahuaca,chivato,1350.56575
navachiste,chivato,189.45061
atoyac,chivato,812.9859858
mariana,chivato,618.6007944
organ_pipe_1_h2o,chivato,921.4794436
organ_pipe_2_h2o,chivato,926.4819391
organ_pipe_satellite,chivato,916.1867312
organ_pipe_3_h2o,chivato,924.7438709
don_panchito,chivato,717.5352997
tucson_1_F,gitana,916.4967596
tucson_2_F,gitana,902.0592848
tucson_3_F,gitana,915.2432904
tucson_4_F,gitana,915.6449678
huachuca_1_F,gitana,817.178493
tucson_5_F,gitana,913.234272
tucson_6_F,gitana,925.7899335
coronado,gitana,809.0340478
huachuca_2_F,gitana,819.9883689
huachuca_3_F,gitana,812.2681165
huachuca_4_F,gitana,836.4735214
organ_pipe,gitana,929.6361287
rincon,gitana,900.4682099
big_hatchet,gitana,855.7051855
silver_city_2_F,gitana,990.4690706
peloncillo_1_F,gitana,857.5512657
silver_city_1_F,gitana,987.468292
silver_city_3_F,gitana,985.1158361
fort_huachuca,gitana,832.2259199
chiricahua_1_F,gitana,884.1009349
chiricahua_2_F,gitana,871.978927
huachuca_5_F,gitana,819.8667671
silver_city_4_F,gitana,962.1874483
cdmx_1_F,gitana,518.8870024
cdmx_3_F,gitana,536.9132084
cdmx_2_F,gitana,535.3039546
azedon,gitana,8.689553913
carmen,gitana,244.2003013
chivato,gitana,0.781358393
gitana,gitana,0
la_capilla,gitana,63.55426621
las_cuevas,gitana,70.01170184
pinacate,gitana,906.1871895
juxtlahuaca,gitana,1350.543987
navachiste,gitana,188.6692724
atoyac,gitana,812.9849991
mariana,gitana,617.9931091
organ_pipe_1_h2o,gitana,920.9587107
organ_pipe_2_h2o,gitana,925.9706213
organ_pipe_satellite,gitana,915.6750128
organ_pipe_3_h2o,gitana,924.2213768
don_panchito,gitana,717.6822568
tucson_1_F,la_capilla,967.9803215
tucson_2_F,la_capilla,953.3490992
tucson_3_F,la_capilla,966.4631744
tucson_4_F,la_capilla,967.238697
huachuca_1_F,la_capilla,866.6181731
tucson_5_F,la_capilla,965.6756182
tucson_6_F,la_capilla,978.6926456
coronado,la_capilla,858.6501578
huachuca_2_F,la_capilla,869.567372
huachuca_3_F,la_capilla,861.6745303
huachuca_4_F,la_capilla,887.0375149
organ_pipe,la_capilla,987.3399522
rincon,la_capilla,951.6111371
big_hatchet,la_capilla,896.2223523
silver_city_2_F,la_capilla,1031.187044
peloncillo_1_F,la_capilla,901.0212874
silver_city_1_F,la_capilla,1028.472268
silver_city_3_F,la_capilla,1026.090455
fort_huachuca,la_capilla,882.5477433
chiricahua_1_F,la_capilla,929.5222992
chiricahua_2_F,la_capilla,916.6310954
huachuca_5_F,la_capilla,869.6183619
silver_city_4_F,la_capilla,1003.22011
cdmx_1_F,la_capilla,483.5947288
cdmx_3_F,la_capilla,502.3709093
cdmx_2_F,la_capilla,500.0112396
azedon,la_capilla,65.04504729
carmen,la_capilla,306.0313866
chivato,la_capilla,63.34049765
gitana,la_capilla,63.55426621
la_capilla,la_capilla,0
las_cuevas,la_capilla,10.13794798
pinacate,la_capilla,965.9917159
juxtlahuaca,la_capilla,1290.17495
navachiste,la_capilla,215.6381608
atoyac,la_capilla,752.182811
mariana,la_capilla,671.1504185
organ_pipe_1_h2o,la_capilla,978.6753661
organ_pipe_2_h2o,la_capilla,984.0927003
organ_pipe_satellite,la_capilla,973.78406
organ_pipe_3_h2o,la_capilla,981.8582823
don_panchito,la_capilla,654.4310676
tucson_1_F,las_cuevas,977.5664969
tucson_2_F,las_cuevas,962.9507975
tucson_3_F,las_cuevas,976.0715382
tucson_4_F,las_cuevas,976.8153201
huachuca_1_F,las_cuevas,876.3544045
tucson_5_F,las_cuevas,975.1749359
tucson_6_F,las_cuevas,988.1475646
coronado,las_cuevas,868.3736226
huachuca_2_F,las_cuevas,879.2942173
huachuca_3_F,las_cuevas,871.4126732
huachuca_4_F,las_cuevas,896.6933023
organ_pipe,las_cuevas,996.1433471
rincon,las_cuevas,961.2249546
big_hatchet,las_cuevas,906.32131
silver_city_2_F,las_cuevas,1041.285637
peloncillo_1_F,las_cuevas,911.0487719
silver_city_1_F,las_cuevas,1038.56552
silver_city_3_F,las_cuevas,1036.184214
fort_huachuca,las_cuevas,892.2217326
chiricahua_1_F,las_cuevas,939.4802936
chiricahua_2_F,las_cuevas,926.6187885
huachuca_5_F,las_cuevas,879.3331086
silver_city_4_F,las_cuevas,1013.312239
cdmx_1_F,las_cuevas,473.5038425
cdmx_3_F,las_cuevas,492.2932658
cdmx_2_F,las_cuevas,489.918614
azedon,las_cuevas,72.42792837
carmen,las_cuevas,313.6439296
chivato,las_cuevas,69.71094717
gitana,las_cuevas,70.01170184
la_capilla,las_cuevas,10.13794798
las_cuevas,las_cuevas,0
pinacate,las_cuevas,974.3397728
juxtlahuaca,las_cuevas,1287.165731
navachiste,las_cuevas,225.7620118
atoyac,las_cuevas,749.0248251
mariana,las_cuevas,680.5509147
organ_pipe_1_h2o,las_cuevas,987.4759106
organ_pipe_2_h2o,las_cuevas,992.8172247
organ_pipe_satellite,las_cuevas,982.5105146
organ_pipe_3_h2o,las_cuevas,990.6735047
don_panchito,las_cuevas,649.380543
tucson_1_F,pinacate,262.3315602
tucson_2_F,pinacate,265.1355616
tucson_3_F,pinacate,268.6269547
tucson_4_F,pinacate,259.461017
huachuca_1_F,pinacate,308.9747498
tucson_5_F,pinacate,237.6610445
tucson_6_F,pinacate,227.7055155
coronado,pinacate,306.5707388
huachuca_2_F,pinacate,305.6688797
huachuca_3_F,pinacate,310.38613
huachuca_4_F,pinacate,282.3291999
organ_pipe,pinacate,85.23926183
rincon,pinacate,268.5378761
big_hatchet,pinacate,480.1715891
silver_city_2_F,pinacate,513.162722
peloncillo_1_F,pinacate,426.8356005
silver_city_1_F,pinacate,506.6109834
silver_city_3_F,pinacate,506.2597933
fort_huachuca,pinacate,288.1624163
chiricahua_1_F,pinacate,392.2065296
chiricahua_2_F,pinacate,405.848898
huachuca_5_F,pinacate,302.0444032
silver_city_4_F,pinacate,496.8459726
cdmx_1_F,pinacate,1371.072036
cdmx_3_F,pinacate,1384.916098
cdmx_2_F,pinacate,1386.091579
azedon,pinacate,902.3454505
carmen,pinacate,663.4909059
chivato,pinacate,906.6539381
gitana,pinacate,906.1871895
la_capilla,pinacate,965.9917159
las_cuevas,pinacate,974.3397728
pinacate,pinacate,0
juxtlahuaca,pinacate,2136.07779
navachiste,pinacate,806.5058223
atoyac,pinacate,1631.497568
mariana,pinacate,343.4188478
organ_pipe_1_h2o,pinacate,82.56987228
organ_pipe_2_h2o,pinacate,69.68429614
organ_pipe_satellite,pinacate,67.72718913
organ_pipe_3_h2o,pinacate,86.05152078
don_panchito,pinacate,1583.266595
tucson_1_F,juxtlahuaca,2020.199422
tucson_2_F,juxtlahuaca,2005.349134
tucson_3_F,juxtlahuaca,2015.484861
tucson_4_F,juxtlahuaca,2021.010603
huachuca_1_F,juxtlahuaca,1910.740403
tucson_5_F,juxtlahuaca,2030.800941
tucson_6_F,juxtlahuaca,2048.067237
coronado,juxtlahuaca,1906.371623
huachuca_2_F,juxtlahuaca,1914.79489
huachuca_3_F,juxtlahuaca,1906.339509
huachuca_4_F,juxtlahuaca,1940.98812
organ_pipe,juxtlahuaca,2123.012707
rincon,juxtlahuaca,2001.996711
big_hatchet,juxtlahuaca,1828.81474
silver_city_2_F,juxtlahuaca,1932.858356
peloncillo_1_F,juxtlahuaca,1867.147281
silver_city_1_F,juxtlahuaca,1934.437108
silver_city_3_F,juxtlahuaca,1932.228573
fort_huachuca,juxtlahuaca,1934.344221
chiricahua_1_F,juxtlahuaca,1912.647149
chiricahua_2_F,juxtlahuaca,1893.267416
huachuca_5_F,juxtlahuaca,1916.898149
silver_city_4_F,juxtlahuaca,1915.425348
cdmx_1_F,juxtlahuaca,1278.903229
cdmx_3_F,juxtlahuaca,1288.337291
cdmx_2_F,juxtlahuaca,1280.823342
azedon,juxtlahuaca,1348.799792
carmen,juxtlahuaca,1561.348634
chivato,juxtlahuaca,1350.56575
gitana,juxtlahuaca,1350.543987
la_capilla,juxtlahuaca,1290.17495
las_cuevas,juxtlahuaca,1287.165731
pinacate,juxtlahuaca,2136.07779
juxtlahuaca,juxtlahuaca,0
navachiste,juxtlahuaca,1359.671965
atoyac,juxtlahuaca,538.2846076
mariana,juxtlahuaca,1793.284442
organ_pipe_1_h2o,juxtlahuaca,2115.379725
organ_pipe_2_h2o,juxtlahuaca,2126.357634
organ_pipe_satellite,juxtlahuaca,2116.815504
organ_pipe_3_h2o,juxtlahuaca,2117.068071
don_panchito,juxtlahuaca,667.6429865
tucson_1_F,navachiste,772.564825
tucson_2_F,navachiste,757.5356002
tucson_3_F,navachiste,770.3665594
tucson_4_F,navachiste,772.1236039
huachuca_1_F,navachiste,667.0041307
tucson_5_F,navachiste,772.9501197
tucson_6_F,navachiste,787.2338088
coronado,navachiste,659.5061924
huachuca_2_F,navachiste,670.2450629
huachuca_3_F,navachiste,662.02692
huachuca_4_F,navachiste,689.9180612
organ_pipe,navachiste,814.8492449
rincon,navachiste,755.4287944
big_hatchet,navachiste,683.4393594
silver_city_2_F,navachiste,818.3041775
peloncillo_1_F,navachiste,691.1446098
silver_city_1_F,navachiste,815.820425
silver_city_3_F,navachiste,813.4189677
fort_huachuca,navachiste,684.8696467
chiricahua_1_F,navachiste,722.11792
chiricahua_2_F,navachiste,708.1962817
huachuca_5_F,navachiste,670.6932637
silver_city_4_F,navachiste,790.6365337
cdmx_1_F,navachiste,699.1048934
cdmx_3_F,navachiste,717.7884427
cdmx_2_F,navachiste,715.5307742
azedon,navachiste,180.1349951
carmen,navachiste,216.5314823
chivato,navachiste,189.45061
gitana,navachiste,188.6692724
la_capilla,navachiste,215.6381608
las_cuevas,navachiste,225.7620118
pinacate,navachiste,806.5058223
juxtlahuaca,navachiste,1359.671965
navachiste,navachiste,0
atoyac,navachiste,835.6736582
mariana,navachiste,484.8683918
organ_pipe_1_h2o,navachiste,806.3606023
organ_pipe_2_h2o,navachiste,813.86931
organ_pipe_satellite,navachiste,803.6250911
organ_pipe_3_h2o,navachiste,809.0914165
don_panchito,navachiste,776.8771523
tucson_1_F,atoyac,1545.493084
tucson_2_F,atoyac,1530.254914
tucson_3_F,atoyac,1541.531927
tucson_4_F,atoyac,1545.893776
huachuca_1_F,atoyac,1434.683724
tucson_5_F,atoyac,1552.798012
tucson_6_F,atoyac,1569.357354
coronado,atoyac,1429.188742
huachuca_2_F,atoyac,1438.583378
huachuca_3_F,atoyac,1429.978825
huachuca_4_F,atoyac,1463.30942
organ_pipe,atoyac,1627.627204
rincon,atoyac,1527.249398
big_hatchet,atoyac,1380.204147
silver_city_2_F,atoyac,1498.583781
peloncillo_1_F,atoyac,1410.874518
silver_city_1_F,atoyac,1498.939195
silver_city_3_F,atoyac,1496.573694
fort_huachuca,atoyac,1457.028125
chiricahua_1_F,atoyac,1453.565289
chiricahua_2_F,atoyac,1435.195637
huachuca_5_F,atoyac,1440.205701
silver_city_4_F,atoyac,1477.144728
cdmx_1_F,atoyac,796.4491982
cdmx_3_F,atoyac,809.7529573
cdmx_2_F,atoyac,802.2163661
azedon,atoyac,811.487679
carmen,atoyac,1029.516949
chivato,atoyac,812.9859858
gitana,atoyac,812.9849991
la_capilla,atoyac,752.182811
las_cuevas,atoyac,749.0248251
pinacate,atoyac,1631.497568
juxtlahuaca,atoyac,538.2846076
navachiste,atoyac,835.6736582
atoyac,atoyac,0
mariana,atoyac,1293.419793
organ_pipe_1_h2o,atoyac,1619.569684
organ_pipe_2_h2o,atoyac,1629.219441
organ_pipe_satellite,atoyac,1619.297824
organ_pipe_3_h2o,atoyac,1621.699837
don_panchito,atoyac,173.4863424
tucson_1_F,mariana,299.9228878
tucson_2_F,mariana,285.9901902
tucson_3_F,mariana,299.253918
tucson_4_F,mariana,298.8612028
huachuca_1_F,mariana,210.4414604
tucson_5_F,mariana,295.377528
tucson_6_F,mariana,307.7992655
coronado,mariana,201.6410295
huachuca_2_F,mariana,212.3205416
huachuca_3_F,mariana,205.9667053
huachuca_4_F,mariana,223.5091103
organ_pipe,mariana,334.5774862
rincon,mariana,284.772731
big_hatchet,mariana,321.7900129
silver_city_2_F,mariana,436.2320394
peloncillo_1_F,mariana,294.563358
silver_city_1_F,mariana,431.1220183
silver_city_3_F,mariana,429.2405353
fort_huachuca,mariana,220.3879447
chiricahua_1_F,mariana,301.2227584
chiricahua_2_F,mariana,296.6389675
huachuca_5_F,mariana,211.2453806
silver_city_4_F,mariana,408.1398124
cdmx_1_F,mariana,1122.187849
cdmx_3_F,mariana,1138.475341
cdmx_2_F,mariana,1138.204671
azedon,mariana,612.34426
carmen,mariana,396.9501016
chivato,mariana,618.6007944
gitana,mariana,617.9931091
la_capilla,mariana,671.1504185
las_cuevas,mariana,680.5509147
pinacate,mariana,343.4188478
juxtlahuaca,mariana,1793.284442
navachiste,mariana,484.8683918
atoyac,mariana,1293.419793
mariana,mariana,0
organ_pipe_1_h2o,mariana,326.4009904
organ_pipe_2_h2o,mariana,335.8048189
organ_pipe_satellite,mariana,325.8786972
organ_pipe_3_h2o,mariana,328.6767412
don_panchito,mariana,1254.685734
tucson_1_F,organ_pipe_1_h2o,183.1809925
tucson_2_F,organ_pipe_1_h2o,187.7440268
tucson_3_F,organ_pipe_1_h2o,189.700466
tucson_4_F,organ_pipe_1_h2o,180.3644734
huachuca_1_F,organ_pipe_1_h2o,245.0019105
tucson_5_F,organ_pipe_1_h2o,158.564061
tucson_6_F,organ_pipe_1_h2o,147.0628594
coronado,organ_pipe_1_h2o,244.2910578
huachuca_2_F,organ_pipe_1_h2o,241.2920657
huachuca_3_F,organ_pipe_1_h2o,247.2953647
huachuca_4_F,organ_pipe_1_h2o,215.6493618
organ_pipe,organ_pipe_1_h2o,8.683938725
rincon,organ_pipe_1_h2o,191.3819726
big_hatchet,organ_pipe_1_h2o,410.0810868
silver_city_2_F,organ_pipe_1_h2o,433.5230134
peloncillo_1_F,organ_pipe_1_h2o,356.0002908
silver_city_1_F,organ_pipe_1_h2o,426.9939782
silver_city_3_F,organ_pipe_1_h2o,426.7581795
fort_huachuca,organ_pipe_1_h2o,222.0983029
chiricahua_1_F,organ_pipe_1_h2o,318.1687887
chiricahua_2_F,organ_pipe_1_h2o,333.2501386
huachuca_5_F,organ_pipe_1_h2o,237.8377713
silver_city_4_F,organ_pipe_1_h2o,418.4538225
cdmx_1_F,organ_pipe_1_h2o,1401.022474
cdmx_3_F,organ_pipe_1_h2o,1415.630052
cdmx_2_F,organ_pipe_1_h2o,1416.390252
azedon,organ_pipe_1_h2o,916.4354606
carmen,organ_pipe_1_h2o,682.3526603
chivato,organ_pipe_1_h2o,921.4794436
gitana,organ_pipe_1_h2o,920.9587107
la_capilla,organ_pipe_1_h2o,978.6753661
las_cuevas,organ_pipe_1_h2o,987.4759106
pinacate,organ_pipe_1_h2o,82.56987228
juxtlahuaca,organ_pipe_1_h2o,2115.379725
navachiste,organ_pipe_1_h2o,806.3606023
atoyac,organ_pipe_1_h2o,1619.569684
mariana,organ_pipe_1_h2o,326.4009904
organ_pipe_1_h2o,organ_pipe_1_h2o,0
organ_pipe_2_h2o,organ_pipe_1_h2o,15.59704144
organ_pipe_satellite,organ_pipe_1_h2o,15.02987069
organ_pipe_3_h2o,organ_pipe_1_h2o,4.289655111
don_panchito,organ_pipe_1_h2o,1580.036577
tucson_1_F,organ_pipe_2_h2o,198.5031703
tucson_2_F,organ_pipe_2_h2o,203.2426987
tucson_3_F,organ_pipe_2_h2o,205.0474834
tucson_4_F,organ_pipe_2_h2o,195.6969273
huachuca_1_F,organ_pipe_2_h2o,260.1718066
tucson_5_F,organ_pipe_2_h2o,173.9191987
tucson_6_F,organ_pipe_2_h2o,162.1374902
coronado,organ_pipe_2_h2o,259.3245997
huachuca_2_F,organ_pipe_2_h2o,256.4877064
huachuca_3_F,organ_pipe_2_h2o,262.3995373
huachuca_4_F,organ_pipe_2_h2o,230.9756307
organ_pipe,organ_pipe_2_h2o,15.61253143
rincon,organ_pipe_2_h2o,206.894111
big_hatchet,organ_pipe_2_h2o,425.646415
silver_city_2_F,organ_pipe_2_h2o,448.6450182
peloncillo_1_F,organ_pipe_2_h2o,371.5759818
silver_city_1_F,organ_pipe_2_h2o,442.1217937
silver_city_3_F,organ_pipe_2_h2o,441.907047
fort_huachuca,organ_pipe_2_h2o,237.3909726
chiricahua_1_F,organ_pipe_2_h2o,333.7591303
chiricahua_2_F,organ_pipe_2_h2o,348.8464988
huachuca_5_F,organ_pipe_2_h2o,253.0161724
silver_city_4_F,organ_pipe_2_h2o,433.7687662
cdmx_1_F,organ_pipe_2_h2o,1403.3547
cdmx_3_F,organ_pipe_2_h2o,1417.814134
cdmx_2_F,organ_pipe_2_h2o,1418.65715
azedon,organ_pipe_2_h2o,921.5671567
carmen,organ_pipe_2_h2o,686.4289704
chivato,organ_pipe_2_h2o,926.4819391
gitana,organ_pipe_2_h2o,925.9706213
la_capilla,organ_pipe_2_h2o,984.0927003
las_cuevas,organ_pipe_2_h2o,992.8172247
pinacate,organ_pipe_2_h2o,69.68429614
juxtlahuaca,organ_pipe_2_h2o,2126.357634
navachiste,organ_pipe_2_h2o,813.86931
atoyac,organ_pipe_2_h2o,1629.219441
mariana,organ_pipe_2_h2o,335.8048189
organ_pipe_1_h2o,organ_pipe_2_h2o,15.59704144
organ_pipe_2_h2o,organ_pipe_2_h2o,0
organ_pipe_satellite,organ_pipe_2_h2o,10.31421453
organ_pipe_3_h2o,organ_pipe_2_h2o,17.67497334
don_panchito,organ_pipe_2_h2o,1588.330813
tucson_1_F,organ_pipe_satellite,196.568304
tucson_2_F,organ_pipe_satellite,200.5687267
tucson_3_F,organ_pipe_satellite,203.0214728
tucson_4_F,organ_pipe_satellite,193.7299279
huachuca_1_F,organ_pipe_satellite,254.2975
tucson_5_F,organ_pipe_satellite,171.89688
tucson_6_F,organ_pipe_satellite,160.9410861
coronado,organ_pipe_satellite,253.1627276
huachuca_2_F,organ_pipe_satellite,250.6764507
huachuca_3_F,organ_pipe_satellite,256.3788128
huachuca_4_F,organ_pipe_satellite,225.5320393
organ_pipe,organ_pipe_satellite,20.10826752
rincon,organ_pipe_satellite,204.1396899
big_hatchet,organ_pipe_satellite,421.1928504
silver_city_2_F,organ_pipe_satellite,447.202785
peloncillo_1_F,organ_pipe_satellite,367.2442924
silver_city_1_F,organ_pipe_satellite,440.6652926
silver_city_3_F,organ_pipe_satellite,440.3942473
fort_huachuca,organ_pipe_satellite,231.844957
chiricahua_1_F,organ_pipe_satellite,330.2063172
chiricahua_2_F,organ_pipe_satellite,344.9227607
huachuca_5_F,organ_pipe_satellite,247.1672422
silver_city_4_F,organ_pipe_satellite,431.7590404
cdmx_1_F,organ_pipe_satellite,1393.336538
cdmx_3_F,organ_pipe_satellite,1407.820174
cdmx_2_F,organ_pipe_satellite,1408.649623
azedon,organ_pipe_satellite,911.2668263
carmen,organ_pipe_satellite,676.1893647
chivato,organ_pipe_satellite,916.1867312
gitana,organ_pipe_satellite,915.6750128
la_capilla,organ_pipe_satellite,973.78406
las_cuevas,organ_pipe_satellite,982.5105146
pinacate,organ_pipe_satellite,67.72718913
juxtlahuaca,organ_pipe_satellite,2116.815504
navachiste,organ_pipe_satellite,803.6250911
atoyac,organ_pipe_satellite,1619.297824
mariana,organ_pipe_satellite,325.8786972
organ_pipe_1_h2o,organ_pipe_satellite,15.02987069
organ_pipe_2_h2o,organ_pipe_satellite,10.31421453
organ_pipe_satellite,organ_pipe_satellite,0
organ_pipe_3_h2o,organ_pipe_satellite,18.91325709
don_panchito,organ_pipe_satellite,1578.16617
tucson_1_F,organ_pipe_3_h2o,180.848702
tucson_2_F,organ_pipe_3_h2o,185.7034836
tucson_3_F,organ_pipe_3_h2o,187.4008318
tucson_4_F,organ_pipe_3_h2o,178.0457568
huachuca_1_F,organ_pipe_3_h2o,244.4102927
tucson_5_F,organ_pipe_3_h2o,156.2775355
tucson_6_F,organ_pipe_3_h2o,144.466644
coronado,organ_pipe_3_h2o,243.853599
huachuca_2_F,organ_pipe_3_h2o,240.6698787
huachuca_3_F,organ_pipe_3_h2o,246.7798474
huachuca_4_F,organ_pipe_3_h2o,214.8564633
organ_pipe,organ_pipe_3_h2o,5.947748032
rincon,organ_pipe_3_h2o,189.3725724
big_hatchet,organ_pipe_3_h2o,408.7360089
silver_city_2_F,organ_pipe_3_h2o,430.9725931
peloncillo_1_F,organ_pipe_3_h2o,354.6113757
silver_city_1_F,organ_pipe_3_h2o,424.4489137
silver_city_3_F,organ_pipe_3_h2o,424.2329163
fort_huachuca,organ_pipe_3_h2o,221.352683
chiricahua_1_F,organ_pipe_3_h2o,316.4481625
chiricahua_2_F,organ_pipe_3_h2o,331.6856258
huachuca_5_F,organ_pipe_3_h2o,237.2378431
silver_city_4_F,organ_pipe_3_h2o,416.1081322
cdmx_1_F,organ_pipe_3_h2o,1404.717527
cdmx_3_F,organ_pipe_3_h2o,1419.345699
cdmx_2_F,organ_pipe_3_h2o,1420.094345
azedon,organ_pipe_3_h2o,919.6755108
carmen,organ_pipe_3_h2o,685.7921784
chivato,organ_pipe_3_h2o,924.7438709
gitana,organ_pipe_3_h2o,924.2213768
la_capilla,organ_pipe_3_h2o,981.8582823
las_cuevas,organ_pipe_3_h2o,990.6735047
pinacate,organ_pipe_3_h2o,86.05152078
juxtlahuaca,organ_pipe_3_h2o,2117.068071
navachiste,organ_pipe_3_h2o,809.0914165
atoyac,organ_pipe_3_h2o,1621.699837
mariana,organ_pipe_3_h2o,328.6767412
organ_pipe_1_h2o,organ_pipe_3_h2o,4.289655111
organ_pipe_2_h2o,organ_pipe_3_h2o,17.67497334
organ_pipe_satellite,organ_pipe_3_h2o,18.91325709
organ_pipe_3_h2o,organ_pipe_3_h2o,0
don_panchito,organ_pipe_3_h2o,1582.551207
tucson_1_F,don_panchito,1524.831084
tucson_2_F,don_panchito,1509.515314
tucson_3_F,don_panchito,1521.514147
tucson_4_F,don_panchito,1524.905404
huachuca_1_F,don_panchito,1414.697965
tucson_5_F,don_panchito,1529.429368
tucson_6_F,don_panchito,1545.189064
coronado,don_panchito,1408.395239
huachuca_2_F,don_panchito,1418.409017
huachuca_3_F,don_panchito,1409.830105
huachuca_4_F,don_panchito,1441.556626
organ_pipe,don_panchito,1588.392727
rincon,don_panchito,1506.826054
big_hatchet,don_panchito,1381.216331
silver_city_2_F,don_panchito,1506.580277
peloncillo_1_F,don_panchito,1406.043993
silver_city_1_F,don_panchito,1506.171932
silver_city_3_F,don_panchito,1503.75096
fort_huachuca,don_panchito,1435.667648
chiricahua_1_F,don_panchito,1445.98216
chiricahua_2_F,don_panchito,1428.653828
huachuca_5_F,don_panchito,1419.620648
silver_city_4_F,don_panchito,1483.02707
cdmx_1_F,don_panchito,629.2680533
cdmx_3_F,don_panchito,641.6307324
cdmx_2_F,don_panchito,634.0580742
azedon,don_panchito,717.8398329
carmen,don_panchito,950.4322996
chivato,don_panchito,717.5352997
gitana,don_panchito,717.6822568
la_capilla,don_panchito,654.4310676
las_cuevas,don_panchito,649.380543
pinacate,don_panchito,1583.266595
juxtlahuaca,don_panchito,667.6429865
navachiste,don_panchito,776.8771523
atoyac,don_panchito,173.4863424
mariana,don_panchito,1254.685734
organ_pipe_1_h2o,don_panchito,1580.036577
organ_pipe_2_h2o,don_panchito,1588.330813
organ_pipe_satellite,don_panchito,1578.16617
organ_pipe_3_h2o,don_panchito,1582.551207
don_panchito,don_panchito,0
